Stephen_King_book,Pages,Publishing_Month,Publishing_Year,Decade,Rating,Pages_categorized
The Shining,497,January,1977,1970,4.28,<500
It,1184,September,1986,1980,4.24,750 or over
Misery,370,June,1987,1980,4.22,<500
Carrie,272,April,1974,1970,3.99,<500
11/22/63,849,November,2011,2010,4.35,750 or over
The Gunslinger,253,June,1982,1980,3.9,<500
Salem's Lot,483,October,1975,1970,4.1,<500
The Outsider,561,May,2018,2010,4.02,500-749
Pet Sematary,580,November,1983,1980,4.09,500-749
Fairy Tale,607,September,2022,2020,4.08,500-749
The Green Mile,592,January,1996,1990,4.49,500-749
On Writing: A Memor of the Craft,320,June,2000,2000,4.34,<500
Mr. Mercedes,437,June,2014,2010,4.04,<500
The Institute,561,September,2019,2010,4.19,500-749
Doctor Sleep,531,September,2013,2010,4.13,500-749
Under the Dome,1074,November,2009,2000,3.93,750 or over
Cujo,432,January,1981,1980,3.81,<500
Holly,449,September,2023,2020,4.06,<500
The Drawing of the Three,463,May,1987,1980,4.24,<500
Needful Things,790,October,1991,1990,3.99,750 or over
Christine,360,April,1983,1980,3.87,<500
The Dead Zone ,402,August,1979,1970,3.97,<500
Firestarter,564,September,1980,1980,3.92,500-749
Different Seasons,560,August,1982,1980,4.36,500-749
Cell,449,January,2006,2000,3.65,<500